<?xml version="1.0" encoding="UTF-8"?>
<vcs-root xmlns:xsi="http://www.w3.org/2001/XMLSchema-instance" uuid="5e3cbc59-3615-452f-bc7a-6b55b85dce0b" type="jetbrains.git" xsi:noNamespaceSchemaLocation="https://www.jetbrains.com/teamcity/schemas/2021.1/project-config.xsd">
  <name>https://github.com/daniiche/example-teamcity.git</name>
  <param name="agentCleanFilesPolicy" value="ALL_UNTRACKED" />
  <param name="agentCleanPolicy" value="ON_BRANCH_CHANGE" />
  <param name="authMethod" value="PASSWORD" />
  <param name="branch" value="refs/heads/master" />
  <param name="ignoreKnownHosts" value="true" />
  <param name="secure:password" value="zxxe4465298286455f91f906eaf7b735292ce0b45545ad594006da509c74842c90c2d57b04447181863775d03cbe80d301b" />
  <param name="submoduleCheckout" value="CHECKOUT" />
  <param name="teamcity:branchSpec" value="*" />
  <param name="url" value="https://github.com/daniiche/example-teamcity.git" />
  <param name="useAlternates" value="AUTO" />
  <param name="username" value="daniiche" />
  <param name="usernameStyle" value="USERID" />
</vcs-root>

